Title,Company,Location,Date,Link
Energy engineer,Vasquez-Davidson,"Christopherville, AA",2021-04-08,https://www.realpython.com
Software Engineer (Python),Garcia PLC,"Ericberg, AE",2021-04-08,https://www.realpython.com
Materials engineer,Smith and Sons,"South Davidtown, AP",2021-04-08,https://www.realpython.com
Materials engineer,"Davis, Serrano and Cook","South Tammyberg, AP",2021-04-08,https://www.realpython.com
Structural engineer,Pierce-Long,"Herbertside, AA",2021-04-08,https://www.realpython.com
Broadcast engineer,"Morgan, Butler and Bennett","Loribury, AA",2021-04-08,https://www.realpython.com
"Engineer, communications",Dixon Inc,"Wrightberg, AP",2021-04-08,https://www.realpython.com
"Engineer, broadcasting (operations)",Taylor PLC,"Gileston, AA",2021-04-08,https://www.realpython.com
Manufacturing systems engineer,Garcia PLC,"Joybury, AE",2021-04-08,https://www.realpython.com
"Engineer, automotive",Martinez-Berry,"New Jeffrey, AP",2021-04-08,https://www.realpython.com
Manufacturing systems engineer,Stanley-Frederick,"Stevensland, AP",2021-04-08,https://www.realpython.com
